{
  "food": [
    {
      "_id": "62875ae21ffce0581c52ef5e",
      "name": "Aanand Hotel",
      "cuisine": "American",
      "cost": 200,
      "minPrice": 50,
      "paymentMethods": "Accepts card payments only",
      "rating": 4.2,
      "votes": 567,
      "reviews": 467,
      "image": "https://www.themealdb.com/images/media/meals/urzj1d1587670726.jpg",
      "id": 5
    },
    {
      "_id": "62875ae21ffce0581c52ef5f",
      "name": "Fab Hotel",
      "cuisine": "Italian",
      "cost": 300,
      "minPrice": 100,
      "paymentMethods": "Accepts card payments only",
      "rating": 3.6,
      "votes": 231,
      "reviews": 345,
      "image": "https://www.themealdb.com/images/media/meals/sbx7n71587673021.jpg",
      "id": 6
    },
    {
      "_id": "62875ae21ffce0581c52ef60",
      "name": "Trebo Hotel",
      "cuisine": "Japanese",
      "cost": 600,
      "minPrice": 150,
      "paymentMethods": "Accepts COD payments only",
      "rating": 2.8,
      "votes": 345,
      "reviews": 467,
      "image": "https://www.themealdb.com/images/media/meals/qrqywr1503066605.jpg",
      "id": 7
    },
    {
      "_id": "62875ae21ffce0581c52ef61",
      "name": "The Pride Hotel",
      "cuisine": "Indian",
      "cost": 100,
      "minPrice": 150,
      "paymentMethods": "Accepts card and COD payments",
      "rating": 3.6,
      "votes": 567,
      "reviews": 345,
      "image": "https://www.themealdb.com/images/media/meals/rqvwxt1511384809.jpg",
      "id": 8
    },
    {
      "_id": "62875ae21ffce0581c52ef62",
      "name": "Hotel Center Point",
      "cuisine": "Chinese",
      "cost": 600,
      "minPrice": 50,
      "paymentMethods": "Accepts COD payments only",
      "rating": 4.2,
      "votes": 745,
      "reviews": 539,
      "image": "https://www.themealdb.com/images/media/meals/yypvst1511386427.jpg",
      "id": 9
    },
    {
      "_id": "62875ae21ffce0581c52ef63",
      "name": "Matoshree Hotel",
      "cuisine": "Italian",
      "cost": 400,
      "minPrice": 200,
      "paymentMethods": "Accepts card payments only",
      "rating": 2.8,
      "votes": 145,
      "reviews": 192,
      "image": "https://www.themealdb.com/images/media/meals/rvtvuw1511190488.jpg",
      "id": 10
    },
    {
      "_id": "62875ae21ffce0581c52ef64",
      "name": "Sangam Hotel",
      "cuisine": "Italian",
      "cost": 200,
      "minPrice": 200,
      "paymentMethods": "Accepts card payments only",
      "rating": 0.9,
      "votes": 745,
      "reviews": 467,
      "image": "https://www.themealdb.com/images/media/meals/b5ft861583188991.jpg",
      "id": 11
    },
    {
      "_id": "62875ae21ffce0581c52ef65",
      "name": "Haldiram Hotel ",
      "cuisine": "Indian",
      "cost": 300,
      "minPrice": 100,
      "paymentMethods": "Accepts COD payments only",
      "rating": 3.1,
      "votes": 231,
      "reviews": 539,
      "image": "https://www.themealdb.com/images/media/meals/1543774956.jpg",
      "id": 12
    },
    {
      "_id": "62875ae21ffce0581c52ef66",
      "name": "Orange Hotel",
      "cuisine": "Italian",
      "cost": 100,
      "minPrice": 150,
      "paymentMethods": "Accepts card and COD payments",
      "rating": 3.6,
      "votes": 745,
      "reviews": 547,
      "image": "https://www.themealdb.com/images/media/meals/xutquv1505330523.jpg",
      "id": 13
    },
    {
      "_id": "62875ae21ffce0581c52ef67",
      "name": "Silver Hotel",
      "cuisine": "Indian",
      "cost": 100,
      "minPrice": 200,
      "paymentMethods": "Accepts card payments only",
      "rating": 3.6,
      "votes": 567,
      "reviews": 467,
      "image": "https://www.themealdb.com/images/media/meals/kvbotn1581012881.jpg",
      "id": 14
    },
    {
      "_id": "62875ae21ffce0581c52ef68",
      "name": "MOMOS CAFE",
      "cuisine": "Italian",
      "cost": 600,
      "minPrice": 150,
      "paymentMethods": "Accepts COD payments only",
      "rating": 4.2,
      "votes": 145,
      "reviews": 467,
      "image": "https://www.themealdb.com/images/media/meals/xrysxr1483568462.jpg",
      "id": 15
    },
    {
      "_id": "62875ae21ffce0581c52ef69",
      "name": "CHAI Choupati",
      "cuisine": "Chinese",
      "cost": 600,
      "minPrice": 100,
      "paymentMethods": "Accepts card and COD payments",
      "rating": 3.1,
      "votes": 345,
      "reviews": 467,
      "image": "https://www.themealdb.com/images/media/meals/xqusqy1487348868.jpg",
      "id": 16
    },
    {
      "_id": "62875ae21ffce0581c52ef6a",
      "name": "Taj Hotel",
      "cuisine": "American",
      "cost": 100,
      "minPrice": 200,
      "paymentMethods": "Accepts COD payments only",
      "rating": 4.2,
      "votes": 745,
      "reviews": 467,
      "image": "https://www.themealdb.com/images/media/meals/qpqtuu1511386216.jpg",
      "id": 17
    },
    {
      "_id": "62875ae21ffce0581c52ef6b",
      "name": "Marathon Hotel",
      "cuisine": "American",
      "cost": 100,
      "minPrice": 50,
      "paymentMethods": "Accepts card and COD payments",
      "rating": 3.1,
      "votes": 745,
      "reviews": 192,
      "image": "https://www.themealdb.com/images/media/meals/4i5cnx1587672171.jpg",
      "id": 18
    },
    {
      "_id": "62875ae21ffce0581c52ef6c",
      "name": "Univest Hotel",
      "cuisine": "American",
      "cost": 100,
      "minPrice": 150,
      "paymentMethods": "Accepts card payments only",
      "rating": 2.8,
      "votes": 567,
      "reviews": 547,
      "image": "https://www.themealdb.com/images/media/meals/xr0n4r1576788363.jpg",
      "id": 19
    },
    {
      "_id": "62875ae21ffce0581c52ef6d",
      "name": "Absolute Hotel",
      "cuisine": "American",
      "cost": 400,
      "minPrice": 150,
      "paymentMethods": "Accepts COD payments only",
      "rating": 3.6,
      "votes": 567,
      "reviews": 539,
      "image": "https://www.themealdb.com/images/media/meals/swttys1511385853.jpg",
      "id": 20
    },
    {
      "_id": "62875ae21ffce0581c52ef6e",
      "name": "Radhe shyam Hotel",
      "cuisine": "Indian",
      "cost": "300",
      "minPrice": "150",
      "paymentMethods": "Accepts card payments only",
      "rating": "4.2",
      "votes": "234",
      "reviews": "654",
      "image": "https://www.themealdb.com/images/media/meals/rwuyqx1511383174.jpg",
      "id": 21
    },
    {
      "_id": "62875ae21ffce0581c52ef6f",
      "name": "Ramji Shyamji Pohewale",
      "cuisine": "poha",
      "cost": "30",
      "minPrice": "25",
      "paymentMethods": "Accepts card payments only",
      "rating": "4",
      "votes": "435",
      "reviews": "234",
      "image": "https://media.istockphoto.com/photos/poha-popular-indian-breakfast-picture-id501425188?s=2048x2048",
      "id": 1
    },
    {
      "_id": "62875ae21ffce0581c52ef70",
      "name": "Mumbai Cha Vadapav",
      "cuisine": "vadapav",
      "cost": "30",
      "minPrice": "20",
      "paymentMethods": "Accepts card payments only",
      "rating": "4",
      "votes": "435",
      "reviews": "234",
      "image": "https://media.istockphoto.com/photos/vada-pav-picture-id1267018755?s=612x612",
      "id": 2
    },
    {
      "_id": "62875ae21ffce0581c52ef71",
      "name": "Misal pav",
      "cuisine": "vadapav",
      "cost": "120",
      "minPrice": "100",
      "paymentMethods": "Accepts card and COD payments",
      "rating": "3.9",
      "votes": "635",
      "reviews": "434",
      "image": "https://media.istockphoto.com/photos/pav-bhaji-is-a-fast-food-dish-from-india-consists-of-a-thick-curry-picture-id1319403400?s=2048x2048",
      "id": 3
    },
    {
      "_id": "62875ae21ffce0581c52ef72",
      "name": "Tadka Hotel",
      "cuisine": "Indian",
      "cost": 400,
      "minPrice": 50,
      "paymentMethods": "Accepts card payments only",
      "rating": 3.1,
      "votes": 567,
      "reviews": 192,
      "image": "https://encrypted-tbn0.gstatic.com/images?q=tbn:ANd9GcTkGOlEHYTaUe6g7wTBlwcRu63Ykg-1thM_DQ&usqp=CAU",
      "id": 22
    },
    {
      "_id": "62875ae21ffce0581c52ef73",
      "name": "Reddission Hotel",
      "cuisine": "Italian",
      "cost": 200,
      "minPrice": 200,
      "paymentMethods": "Accepts card and COD payments",
      "rating": 2.8,
      "votes": 231,
      "reviews": 467,
      "image": "https://www.themealdb.com/images/media/meals/sywswr1511383814.jpg",
      "id": 23
    },
    {
      "_id": "62875ae21ffce0581c52ef74",
      "name": "Le-Meridian Hotel",
      "cuisine": "Chinese",
      "cost": 200,
      "minPrice": 100,
      "paymentMethods": "Accepts COD payments only",
      "rating": 2.8,
      "votes": 231,
      "reviews": 192,
      "image": "https://www.themealdb.com/images/media/meals/atd5sh1583188467.jpg",
      "id": 24
    },
    {
      "_id": "62875ae21ffce0581c52ef75",
      "name": "Tuli Imperial Ltd",
      "cuisine": "Italian",
      "cost": 100,
      "minPrice": 200,
      "paymentMethods": "Accepts COD payments only",
      "rating": 3.6,
      "votes": 567,
      "reviews": 345,
      "image": "https://www.themealdb.com/images/media/meals/ursuup1487348423.jpg",
      "id": 4
    }
  ]
}
